hidden_size,num_layers,learning_rate,batch_size,dropout_rate,gpath,tangles,niareagansc
4,1,0.001,8,0.2,0.20098732351287124,0.26301769387935503,0.18299730356712807
4,1,0.001,8,0.4,0.20098732351287124,0.26301769387935503,0.18299730356712807
4,1,0.001,8,0.5,0.20098732351287124,0.26301769387935503,0.18299730356712807
4,1,0.001,8,0.6,0.20098732351287124,0.26301769387935503,0.18299730356712807
4,1,0.001,16,0.2,0.19226028456505095,0.23862989347880878,0.16680022489245386
4,1,0.001,16,0.4,0.19226028456505095,0.23862989347880878,0.16680022489245386
4,1,0.001,16,0.5,0.19226028456505095,0.23862989347880878,0.16680022489245386
4,1,0.001,16,0.6,0.19226028456505095,0.23862989347880878,0.16680022489245386
4,1,0.001,32,0.2,0.19157029963568808,0.2296096597642845,0.15820484810959734
4,1,0.001,32,0.4,0.19157029963568808,0.2296096597642845,0.15820484810959734
4,1,0.001,32,0.5,0.19157029963568808,0.2296096597642845,0.15820484810959734
4,1,0.001,32,0.6,0.19157029963568808,0.2296096597642845,0.15820484810959734
4,1,0.005,8,0.2,0.2068597909980554,0.280364950851647,0.20230130914605576
4,1,0.005,8,0.4,0.2068597909980554,0.280364950851647,0.20230130914605576
4,1,0.005,8,0.5,0.2068597909980554,0.280364950851647,0.20230130914605576
4,1,0.005,8,0.6,0.2068597909980554,0.280364950851647,0.20230130914605576
4,1,0.005,16,0.2,0.2056103211645496,0.2922811749127962,0.18499590787519068
4,1,0.005,16,0.4,0.2056103211645496,0.2922811749127962,0.18499590787519068
4,1,0.005,16,0.5,0.2056103211645496,0.2922811749127962,0.18499590787519068
4,1,0.005,16,0.6,0.2056103211645496,0.2922811749127962,0.18499590787519068
4,1,0.005,32,0.2,0.1999460399066264,0.26223284808388125,0.17413544791732383
4,1,0.005,32,0.4,0.1999460399066264,0.26223284808388125,0.17413544791732383
4,1,0.005,32,0.5,0.1999460399066264,0.26223284808388125,0.17413544791732383
4,1,0.005,32,0.6,0.1999460399066264,0.26223284808388125,0.17413544791732383
4,1,0.01,8,0.2,0.21174661529584576,0.31056295588328076,0.21173501542872453
4,1,0.01,8,0.4,0.21174661529584576,0.31056295588328076,0.21173501542872453
4,1,0.01,8,0.5,0.21174661529584576,0.31056295588328076,0.21173501542872453
4,1,0.01,8,0.6,0.21174661529584576,0.31056295588328076,0.21173501542872453
4,1,0.01,16,0.2,0.21881276786452197,0.3055302106861112,0.2039636313524434
4,1,0.01,16,0.4,0.21881276786452197,0.3055302106861112,0.2039636313524434
4,1,0.01,16,0.5,0.21881276786452197,0.3055302106861112,0.2039636313524434
4,1,0.01,16,0.6,0.21881276786452197,0.3055302106861112,0.2039636313524434
4,1,0.01,32,0.2,0.21299476735937395,0.30068359266556915,0.18870899565621735
4,1,0.01,32,0.4,0.21299476735937395,0.30068359266556915,0.18870899565621735
4,1,0.01,32,0.5,0.21299476735937395,0.30068359266556915,0.18870899565621735
4,1,0.01,32,0.6,0.21299476735937395,0.30068359266556915,0.18870899565621735
4,2,0.001,8,0.2,0.1820876960793026,0.27535167740241373,0.15941659093777277
4,2,0.001,8,0.4,0.20065239177435285,0.29977160673205744,0.18692030509584184
4,2,0.001,8,0.5,0.20177918108016715,0.2750995048064809,0.18415801837921397
4,2,0.001,8,0.6,0.18787498281078213,0.26988207877015247,0.1728921960433293
4,2,0.001,16,0.2,0.169444835237789,0.2632273364924681,0.15333045640541046
4,2,0.001,16,0.4,0.16880996970307544,0.2588174803554054,0.1575882055767428
4,2,0.001,16,0.5,0.1787479403118914,0.2574274355606131,0.16522274592730074
4,2,0.001,16,0.6,0.16090874048917803,0.2381658695118795,0.13664508460117158
4,2,0.001,32,0.2,0.1721525013867981,0.25505066661101583,0.1466192497617244
4,2,0.001,32,0.4,0.1692825272594029,0.25647372812927643,0.14967438266259486
4,2,0.001,32,0.5,0.16997310241502223,0.25935958415485116,0.14786428876262842
4,2,0.001,32,0.6,0.1618565047021181,0.24370567005043037,0.1371230528515606
4,2,0.005,8,0.2,0.20691242211289565,0.3016820977303368,0.19430062146873156
4,2,0.005,8,0.4,0.19805879963889322,0.2806586978580753,0.18705619396988565
4,2,0.005,8,0.5,0.2215092942012742,0.2969954108838372,0.20340646489403458
4,2,0.005,8,0.6,0.2070795152233733,0.28648219942904457,0.19823768549280157
4,2,0.005,16,0.2,0.20193765254190654,0.2834359102121843,0.1866232941845523
4,2,0.005,16,0.4,0.19036332372455073,0.2640595106676317,0.18495605632723455
4,2,0.005,16,0.5,0.20204003360368925,0.28984213314071067,0.19739032453675706
4,2,0.005,16,0.6,0.20725351049246798,0.2880896151475668,0.18515951350908155
4,2,0.005,32,0.2,0.19296970386399964,0.26373398402860015,0.17274127933265887
4,2,0.005,32,0.4,0.1913822505058884,0.26580448796869877,0.18631254767407782
4,2,0.005,32,0.5,0.19251631621984394,0.2579289850347869,0.18277146832721508
4,2,0.005,32,0.6,0.20822055455860147,0.26616165990722784,0.1903577751678775
4,2,0.01,8,0.2,0.21684667980530045,0.28178161048791756,0.21815918421490021
4,2,0.01,8,0.4,0.20897308739212161,0.28967876149402905,0.2134477353089455
4,2,0.01,8,0.5,0.16744366543698713,0.23273607418768968,0.1734745209047725
4,2,0.01,8,0.6,0.1945103181710836,0.257026193833225,0.19552359726380333
4,2,0.01,16,0.2,0.18770956811736594,0.2542549385973181,0.18471795715081635
4,2,0.01,16,0.4,0.21360291578389087,0.27280388627049335,0.20104106056493037
4,2,0.01,16,0.5,0.22149807470390065,0.2866145397368391,0.2102151962833525
4,2,0.01,16,0.6,0.20414400106587688,0.27790298745240577,0.19698379537363167
4,2,0.01,32,0.2,0.216128924985656,0.27272245632877706,0.20017228717460403
4,2,0.01,32,0.4,0.21856843503776363,0.2755742032286349,0.19871949324698437
4,2,0.01,32,0.5,0.22196873296040004,0.2816314423121134,0.2069438011666854
4,2,0.01,32,0.6,0.21902054970021628,0.2696857761667237,0.20381773824845478
4,3,0.001,8,0.2,0.18710991521156045,0.248491477094645,0.18702203130681766
4,3,0.001,8,0.4,0.18085788713248302,0.23459521047471768,0.17956164562647242
4,3,0.001,8,0.5,0.14377725435956717,0.19427606452670887,0.14171213357928272
4,3,0.001,8,0.6,0.11820207560336385,0.15297158397024366,0.11344079299944809
4,3,0.001,16,0.2,0.17518840782479903,0.2291451250378082,0.17340626629592706
4,3,0.001,16,0.4,0.17808168644705438,0.23020119542028472,0.17759229532212228
4,3,0.001,16,0.5,0.1242711861411649,0.17530103142995648,0.14381720238606335
4,3,0.001,16,0.6,0.10182017178888988,0.13265000639395744,0.10941921035999455
4,3,0.001,32,0.2,0.16789109978166086,0.23256063987947026,0.17449745011830334
4,3,0.001,32,0.4,0.17933796083199022,0.23514786136784,0.17944527020373843
4,3,0.001,32,0.5,0.1473186897336733,0.20038749128149486,0.14812973772624388
4,3,0.001,32,0.6,0.07735720942830356,0.11021966650985271,0.08794289651740553
4,3,0.005,8,0.2,0.224173503145626,0.2892694545586073,0.22008773409099708
4,3,0.005,8,0.4,0.19572089701343579,0.25212579473732155,0.20283564808248333
4,3,0.005,8,0.5,0.1855140254857795,0.25543745097038645,0.19755934608294293
4,3,0.005,8,0.6,0.19943176118327033,0.26143903890083375,0.20008589438283853
4,3,0.005,16,0.2,0.19668100810395633,0.27836362090564953,0.19758791920401897
4,3,0.005,16,0.4,0.20005718634492106,0.26701390872737535,0.19922125719784117
4,3,0.005,16,0.5,0.1855392172381814,0.26288013696591633,0.19396728957228596
4,3,0.005,16,0.6,0.1433511563703585,0.19678620426397664,0.16334410427533924
4,3,0.005,32,0.2,0.18919452520627608,0.2450518285888806,0.19819669276181648
4,3,0.005,32,0.4,0.20078897644513258,0.2621346479434908,0.20251049427228604
4,3,0.005,32,0.5,0.17915767248906028,0.25382231164370106,0.18686018867314869
4,3,0.005,32,0.6,0.14864220707167913,0.2047928199266867,0.15512032579819646
4,3,0.01,8,0.2,0.21870763971432822,0.26704883851532435,0.2044141906052034
4,3,0.01,8,0.4,0.20886881123286583,0.27150354038834207,0.2064958349483672
4,3,0.01,8,0.5,0.1606755225749344,0.2236913529961023,0.16368698599010115
4,3,0.01,8,0.6,0.1649796511189526,0.2182620490796942,0.16731910830682611
4,3,0.01,16,0.2,0.2187006260801442,0.2942049379035113,0.2156518284037162
4,3,0.01,16,0.4,0.20150842218268256,0.26645773473495865,0.20746259077874343
4,3,0.01,16,0.5,0.20266886077481178,0.27365764298200174,0.1992685319384305
4,3,0.01,16,0.6,0.18025243057747414,0.24223105098890513,0.19827480603338277
4,3,0.01,32,0.2,0.21531707297751462,0.2885548428859658,0.2103638800150896
4,3,0.01,32,0.4,0.17533654813534677,0.23471376835550264,0.16659634365972106
4,3,0.01,32,0.5,0.11865927834604713,0.17567979153883795,0.11673488704319605
4,3,0.01,32,0.6,0.137230541851663,0.1690653434261335,0.14793082235450145
4,4,0.001,8,0.2,0.1759407118925362,0.2439430983572329,0.16864341859878468
4,4,0.001,8,0.4,0.16229803537977341,0.20526578767720927,0.14999802290391132
4,4,0.001,8,0.5,0.08944427928282887,0.11598719765024534,0.08399496436572684
4,4,0.001,8,0.6,0.02854277102363083,0.05298703967259666,0.02556349924782545
4,4,0.001,16,0.2,0.16049360304845697,0.19362007349414959,0.1449827801360896
4,4,0.001,16,0.4,0.10313900864570506,0.11396383107108213,0.08876843484736967
4,4,0.001,16,0.5,0.05561993235113834,0.07781878620371814,0.04377547425814945
4,4,0.001,16,0.6,0.027564830180785732,0.03962937428390544,0.017724058882750658
4,4,0.001,32,0.2,0.1531467795251809,0.17661486226069217,0.1398063572395498
4,4,0.001,32,0.4,0.1062473747750523,0.10385243385251668,0.08982328084036197
4,4,0.001,32,0.5,0.05150288093472707,0.08365946262581683,0.04263920182230844
4,4,0.001,32,0.6,0.02267204186726047,0.03076943948473857,0.008536953505141295
4,4,0.005,8,0.2,0.21481732144002672,0.2868643411442566,0.21409576640253974
4,4,0.005,8,0.4,0.13333106552315194,0.15011719107442145,0.12557803262695397
4,4,0.005,8,0.5,0.1616648577937769,0.20729487891668294,0.15216847842041337
4,4,0.005,8,0.6,0.1583287104031698,0.16221274088233775,0.13858570245985166
4,4,0.005,16,0.2,0.1800159142120697,0.24432939847108287,0.17985391235088533
4,4,0.005,16,0.4,0.1582849200177435,0.206179851584165,0.15342516323782857
4,4,0.005,16,0.5,0.08282681758309782,0.10811193588414111,0.07589410773443232
4,4,0.005,16,0.6,0.07753302675048553,0.10069928886541187,0.06769016452515335
4,4,0.005,32,0.2,0.1808696738440361,0.21712400052814496,0.17463165861920443
4,4,0.005,32,0.4,0.1683118949618903,0.20652819093021493,0.16413444152261164
4,4,0.005,32,0.5,0.1443594369205055,0.17157601567890546,0.13675544777642917
4,4,0.005,32,0.6,0.03570372601570376,0.0356758686800442,0.017687479220569347
4,4,0.01,8,0.2,0.2201780311986429,0.2800865862632259,0.21475426006014015
4,4,0.01,8,0.4,0.2027401158446663,0.2507412653567265,0.19800755207039114
4,4,0.01,8,0.5,0.15579681340729842,0.19644881394636501,0.14522657559247681
4,4,0.01,8,0.6,0.164185333988923,0.2049141228171168,0.15514347125985978
4,4,0.01,16,0.2,0.21657452372608454,0.2848913124260798,0.20561716449197917
4,4,0.01,16,0.4,0.21781837909985619,0.27356184274948225,0.20464345400045758
4,4,0.01,16,0.5,0.15273913236216682,0.2024822490046536,0.16084452842374236
4,4,0.01,16,0.6,0.10729079539730628,0.12248058192788532,0.09897240897915346
4,4,0.01,32,0.2,0.19696435983098803,0.2696769624512207,0.19065285880569538
4,4,0.01,32,0.4,0.1527508631722448,0.194169485438118,0.14768157443933472
4,4,0.01,32,0.5,0.045320461711100664,0.05401073077069394,0.037416465396023765
4,4,0.01,32,0.6,0.07927368125248652,0.07715125305687098,0.0477025954283624
8,1,0.001,8,0.2,0.2040204019945854,0.2897235338738172,0.19545906581854203
8,1,0.001,8,0.4,0.2040204019945854,0.2897235338738172,0.19545906581854203
8,1,0.001,8,0.5,0.2040204019945854,0.2897235338738172,0.19545906581854203
8,1,0.001,8,0.6,0.2040204019945854,0.2897235338738172,0.19545906581854203
8,1,0.001,16,0.2,0.18698427526429717,0.27742555317296913,0.18010399813931188
8,1,0.001,16,0.4,0.18698427526429717,0.27742555317296913,0.18010399813931188
8,1,0.001,16,0.5,0.18698427526429717,0.27742555317296913,0.18010399813931188
8,1,0.001,16,0.6,0.18698427526429717,0.27742555317296913,0.18010399813931188
8,1,0.001,32,0.2,0.16421199879688672,0.25874756481319083,0.17082162327586203
8,1,0.001,32,0.4,0.16421199879688672,0.25874756481319083,0.17082162327586203
8,1,0.001,32,0.5,0.16421199879688672,0.25874756481319083,0.17082162327586203
8,1,0.001,32,0.6,0.16421199879688672,0.25874756481319083,0.17082162327586203
8,1,0.005,8,0.2,0.20931747301960074,0.2915800160073191,0.20907780573376403
8,1,0.005,8,0.4,0.20931747301960074,0.2915800160073191,0.20907780573376403
8,1,0.005,8,0.5,0.20931747301960074,0.2915800160073191,0.20907780573376403
8,1,0.005,8,0.6,0.20931747301960074,0.2915800160073191,0.20907780573376403
8,1,0.005,16,0.2,0.20442191251077743,0.28928991280424904,0.19892665719230518
8,1,0.005,16,0.4,0.20442191251077743,0.28928991280424904,0.19892665719230518
8,1,0.005,16,0.5,0.20442191251077743,0.28928991280424904,0.19892665719230518
8,1,0.005,16,0.6,0.20442191251077743,0.28928991280424904,0.19892665719230518
8,1,0.005,32,0.2,0.1894160324333774,0.27533230911444706,0.18948507636698547
8,1,0.005,32,0.4,0.1894160324333774,0.27533230911444706,0.18948507636698547
8,1,0.005,32,0.5,0.1894160324333774,0.27533230911444706,0.18948507636698547
8,1,0.005,32,0.6,0.1894160324333774,0.27533230911444706,0.18948507636698547
8,1,0.01,8,0.2,0.2172280138664311,0.3134200790277614,0.22116130988741495
8,1,0.01,8,0.4,0.2172280138664311,0.3134200790277614,0.22116130988741495
8,1,0.01,8,0.5,0.2172280138664311,0.3134200790277614,0.22116130988741495
8,1,0.01,8,0.6,0.2172280138664311,0.3134200790277614,0.22116130988741495
8,1,0.01,16,0.2,0.21894959355446061,0.3118849652046786,0.20986689519833068
8,1,0.01,16,0.4,0.21894959355446061,0.3118849652046786,0.20986689519833068
8,1,0.01,16,0.5,0.21894959355446061,0.3118849652046786,0.20986689519833068
8,1,0.01,16,0.6,0.21894959355446061,0.3118849652046786,0.20986689519833068
8,1,0.01,32,0.2,0.20272835882151413,0.30316687448869023,0.2061231955284874
8,1,0.01,32,0.4,0.20272835882151413,0.30316687448869023,0.2061231955284874
8,1,0.01,32,0.5,0.20272835882151413,0.30316687448869023,0.2061231955284874
8,1,0.01,32,0.6,0.20272835882151413,0.30316687448869023,0.2061231955284874
8,2,0.001,8,0.2,0.2374979405068162,0.303323089072918,0.23092197963208205
8,2,0.001,8,0.4,0.23917430366254053,0.3085214035518013,0.21728094889670296
8,2,0.001,8,0.5,0.22963389552149663,0.29861022491345074,0.21541902351665812
8,2,0.001,8,0.6,0.22536777531751637,0.2935958746088806,0.21584020293715298
8,2,0.001,16,0.2,0.234434209763142,0.2989122787863227,0.22733626864676543
8,2,0.001,16,0.4,0.22837496970785728,0.2960617116348606,0.21496188818252793
8,2,0.001,16,0.5,0.2250482665112033,0.2846031708926932,0.21517949469445546
8,2,0.001,16,0.6,0.22426907235158944,0.2817072930891476,0.20555783513634127
8,2,0.001,32,0.2,0.22487797649805708,0.27722324973054374,0.20486188919611462
8,2,0.001,32,0.4,0.22210764685239326,0.26474707158153893,0.20396352055805464
8,2,0.001,32,0.5,0.22153451598491752,0.2737127710192645,0.20257994076165592
8,2,0.001,32,0.6,0.20208886356055875,0.260471352173607,0.19112537782691205
8,2,0.005,8,0.2,0.240149200729799,0.3129402240107743,0.23039142376724162
8,2,0.005,8,0.4,0.22211685434720524,0.3012900230171153,0.22995810989752985
8,2,0.005,8,0.5,0.25907983432242637,0.3169832347504208,0.24572269142812503
8,2,0.005,8,0.6,0.23403991143807534,0.313154549636221,0.2264277283629199
8,2,0.005,16,0.2,0.23077078726500258,0.27232999841344985,0.20740326949686874
8,2,0.005,16,0.4,0.23622745633772707,0.2943223234654258,0.22307308206122775
8,2,0.005,16,0.5,0.23484704994355435,0.3066132689998921,0.22624092708131677
8,2,0.005,16,0.6,0.21985581419651154,0.303972130552145,0.22274108421137936
8,2,0.005,32,0.2,0.23000728926244474,0.2814291927403076,0.21749645642252347
8,2,0.005,32,0.4,0.22249874480762327,0.2880263739751845,0.20944253195929302
8,2,0.005,32,0.5,0.20803289022043386,0.2603823287794021,0.20296796184869553
8,2,0.005,32,0.6,0.22319490585271842,0.2928511855247576,0.2071117271773621
8,2,0.01,8,0.2,0.2309616654811825,0.2917188923613844,0.22517440726142807
8,2,0.01,8,0.4,0.2293419863186965,0.3161128657010412,0.2291018507164333
8,2,0.01,8,0.5,0.23263256912685598,0.31010027995411205,0.23038743335147602
8,2,0.01,8,0.6,0.2238048107192725,0.28663371337560195,0.2200006394276131
8,2,0.01,16,0.2,0.22885837725218786,0.28479617157228126,0.21588031930126247
8,2,0.01,16,0.4,0.2107178305421316,0.2896976414323047,0.19059520082025244
8,2,0.01,16,0.5,0.21911688466111184,0.28340126539712135,0.20884027803325295
8,2,0.01,16,0.6,0.21101857769134055,0.3175056762541657,0.20424765825415053
8,2,0.01,32,0.2,0.23633442588514172,0.31373592646663334,0.2148221521521513
8,2,0.01,32,0.4,0.23314707182862385,0.2812563144329924,0.20129426178466114
8,2,0.01,32,0.5,0.2170506419395947,0.2957113117714228,0.21236042343628644
8,2,0.01,32,0.6,0.20935880594494433,0.2743847706343293,0.19763687549773495
8,3,0.001,8,0.2,0.19516046834062084,0.2660797789563606,0.18940949978164912
8,3,0.001,8,0.4,0.20493540873432775,0.2671837115936383,0.1889500037466146
8,3,0.001,8,0.5,0.19303836529351698,0.235905763529228,0.17753209751095575
8,3,0.001,8,0.6,0.17946432216285885,0.240212022444042,0.17614753263415242
8,3,0.001,16,0.2,0.20653374051239118,0.2785578954216942,0.1949799165939684
8,3,0.001,16,0.4,0.19443228497994253,0.24510385077725708,0.18539356461129802
8,3,0.001,16,0.5,0.18184891536198405,0.23360067288372344,0.17689237783828204
8,3,0.001,16,0.6,0.18851183681622605,0.2412789463787406,0.1868148962060828
8,3,0.001,32,0.2,0.20848709256528758,0.25105589153716174,0.19280406088745897
8,3,0.001,32,0.4,0.20064653433625262,0.24012643809551465,0.1829609396824426
8,3,0.001,32,0.5,0.19274039170983398,0.24450197110520877,0.18124257640574631
8,3,0.001,32,0.6,0.17331478239131654,0.22561329083812315,0.16913541261308623
8,3,0.005,8,0.2,0.19364386644749612,0.2649169116509159,0.19457281611697988
8,3,0.005,8,0.4,0.2211533949603845,0.28961354842251497,0.20090255378010916
8,3,0.005,8,0.5,0.20946189919533847,0.28182733788562875,0.20821178281134983
8,3,0.005,8,0.6,0.19715598471192858,0.253971649396262,0.20232754829609786
8,3,0.005,16,0.2,0.23338491355271168,0.30246168782095995,0.21471344671444767
8,3,0.005,16,0.4,0.21722923393554278,0.29823290595996343,0.21158882503471976
8,3,0.005,16,0.5,0.19412040077751577,0.24862957043831574,0.19520099860637663
8,3,0.005,16,0.6,0.20836174106709304,0.27746673581894316,0.19247160392109192
8,3,0.005,32,0.2,0.2188151184797523,0.29234739408167204,0.20609738803111982
8,3,0.005,32,0.4,0.21083849329056936,0.28355665895603727,0.19335682099416313
8,3,0.005,32,0.5,0.19539588125948315,0.2868958171662896,0.20164264353582734
8,3,0.005,32,0.6,0.1991444925837788,0.25492287608546366,0.17369790520877607
8,3,0.01,8,0.2,0.2352897334354987,0.3241768914292578,0.223863717838364
8,3,0.01,8,0.4,0.2181725824527836,0.27251216766427555,0.20901057654025923
8,3,0.01,8,0.5,0.2100072018409505,0.28401320660613955,0.1969448498738539
8,3,0.01,8,0.6,0.22451337056102844,0.28200199246292174,0.21056529133401264
8,3,0.01,16,0.2,0.2159849392472534,0.3035013589981961,0.2167783143956039
8,3,0.01,16,0.4,0.2244166151387855,0.29446393930883785,0.21201198657048
8,3,0.01,16,0.5,0.211186480287181,0.31418215574942404,0.2105571275362031
8,3,0.01,16,0.6,0.20471724590375856,0.28492110411319993,0.19770142391251022
8,3,0.01,32,0.2,0.20935726878001923,0.2945165230713549,0.1877838120760123
8,3,0.01,32,0.4,0.23401477217805536,0.30440732748572397,0.21323219435847246
8,3,0.01,32,0.5,0.20934056803310436,0.280968079450982,0.19575867174844575
8,3,0.01,32,0.6,0.21569976360970106,0.2706589794765985,0.19735027602501393
8,4,0.001,8,0.2,0.16859840760573194,0.23615305594490796,0.17388254994828373
8,4,0.001,8,0.4,0.12583305517390952,0.16908386992579216,0.13247995042245794
8,4,0.001,8,0.5,0.1381378589459824,0.17478614832190872,0.1392458162686811
8,4,0.001,8,0.6,0.10807741776983404,0.14061413831081687,0.1299777765808634
8,4,0.001,16,0.2,0.17484808406704705,0.22280292781274,0.17799359315714486
8,4,0.001,16,0.4,0.16005992579376271,0.21093324334737132,0.167390833716371
8,4,0.001,16,0.5,0.14456737009335488,0.18491954966035018,0.1516343773823925
8,4,0.001,16,0.6,0.06910108543102637,0.08747135544996455,0.08259418762985547
8,4,0.001,32,0.2,0.1647531050085508,0.22181232341463772,0.16567415168550279
8,4,0.001,32,0.4,0.10786146203084232,0.15141948544880643,0.11257684040786138
8,4,0.001,32,0.5,0.06957953655256496,0.09706572730467251,0.08307352913578417
8,4,0.001,32,0.6,0.04135317763259948,0.06189380894648454,0.06443172608587092
8,4,0.005,8,0.2,0.20493363096443534,0.2817264648743004,0.2190110616814156
8,4,0.005,8,0.4,0.20402834576779885,0.2365324967270544,0.18648296509216217
8,4,0.005,8,0.5,0.21061774997065355,0.26120337950309996,0.19585009011498072
8,4,0.005,8,0.6,0.20920484731620462,0.23870388812270735,0.19194494062024947
8,4,0.005,16,0.2,0.21258206761567316,0.30145441274801454,0.21380725904690992
8,4,0.005,16,0.4,0.18349838672410473,0.24808853600763273,0.1827281833138751
8,4,0.005,16,0.5,0.19439299004151314,0.25795161187244886,0.17896888800212446
8,4,0.005,16,0.6,0.17709891580927567,0.23728276354027336,0.16873243483939837
8,4,0.005,32,0.2,0.19083394976974655,0.2682454514157676,0.18524350494962
8,4,0.005,32,0.4,0.20561013243600246,0.24967503731898705,0.18951220550165923
8,4,0.005,32,0.5,0.19945414654310484,0.23767384391868532,0.19751152646162656
8,4,0.005,32,0.6,0.16731555459211017,0.22648293542233403,0.16090493006309242
8,4,0.01,8,0.2,0.22097979881457447,0.2636401254457299,0.2147823500761051
8,4,0.01,8,0.4,0.23117794045846893,0.2963213416353129,0.2266716378573163
8,4,0.01,8,0.5,0.21045938097470182,0.263384718086766,0.19835992460432095
8,4,0.01,8,0.6,0.1558073575057171,0.2084213580024546,0.15518297258945987
8,4,0.01,16,0.2,0.21481388780651395,0.27589018775339963,0.21921363261346785
8,4,0.01,16,0.4,0.22143248292876766,0.27388178190121343,0.21738078156696497
8,4,0.01,16,0.5,0.2190450194943619,0.25265512816381136,0.20434538394846458
8,4,0.01,16,0.6,0.19036962772433835,0.24093257798433113,0.19241203462216816
8,4,0.01,32,0.2,0.21151505933269502,0.3123627569076035,0.21097266569314277
8,4,0.01,32,0.4,0.22219364903994293,0.2726150997721127,0.21114114961447766
8,4,0.01,32,0.5,0.20941192589812205,0.2638215673305761,0.20417179696177196
8,4,0.01,32,0.6,0.19212068546314773,0.23955442049353812,0.18801198670721714
16,1,0.001,8,0.2,0.20015291075813338,0.28842899459644183,0.1913351508199214
16,1,0.001,8,0.4,0.20015291075813338,0.28842899459644183,0.1913351508199214
16,1,0.001,8,0.5,0.20015291075813338,0.28842899459644183,0.1913351508199214
16,1,0.001,8,0.6,0.20015291075813338,0.28842899459644183,0.1913351508199214
16,1,0.001,16,0.2,0.18414047659292737,0.28097539474966116,0.17818802465663247
16,1,0.001,16,0.4,0.18414047659292737,0.28097539474966116,0.17818802465663247
16,1,0.001,16,0.5,0.18414047659292737,0.28097539474966116,0.17818802465663247
16,1,0.001,16,0.6,0.18414047659292737,0.28097539474966116,0.17818802465663247
16,1,0.001,32,0.2,0.17058443627123893,0.2551085839768358,0.16561213058866017
16,1,0.001,32,0.4,0.17058443627123893,0.2551085839768358,0.16561213058866017
16,1,0.001,32,0.5,0.17058443627123893,0.2551085839768358,0.16561213058866017
16,1,0.001,32,0.6,0.17058443627123893,0.2551085839768358,0.16561213058866017
16,1,0.005,8,0.2,0.21442573747102217,0.3087960295284823,0.20639374047958156
16,1,0.005,8,0.4,0.21442573747102217,0.3087960295284823,0.20639374047958156
16,1,0.005,8,0.5,0.21442573747102217,0.3087960295284823,0.20639374047958156
16,1,0.005,8,0.6,0.21442573747102217,0.3087960295284823,0.20639374047958156
16,1,0.005,16,0.2,0.20019512590369723,0.2883607511105642,0.19177457858449745
16,1,0.005,16,0.4,0.20019512590369723,0.2883607511105642,0.19177457858449745
16,1,0.005,16,0.5,0.20019512590369723,0.2883607511105642,0.19177457858449745
16,1,0.005,16,0.6,0.20019512590369723,0.2883607511105642,0.19177457858449745
16,1,0.005,32,0.2,0.19077288697130793,0.29279893045390076,0.18487650915128967
16,1,0.005,32,0.4,0.19077288697130793,0.29279893045390076,0.18487650915128967
16,1,0.005,32,0.5,0.19077288697130793,0.29279893045390076,0.18487650915128967
16,1,0.005,32,0.6,0.19077288697130793,0.29279893045390076,0.18487650915128967
16,1,0.01,8,0.2,0.21589716764357073,0.31560513109567934,0.19961380484443994
16,1,0.01,8,0.4,0.21589716764357073,0.31560513109567934,0.19961380484443994
16,1,0.01,8,0.5,0.21589716764357073,0.31560513109567934,0.19961380484443994
16,1,0.01,8,0.6,0.21589716764357073,0.31560513109567934,0.19961380484443994
16,1,0.01,16,0.2,0.18471516206007693,0.2967373543221373,0.19584720734082783
16,1,0.01,16,0.4,0.18471516206007693,0.2967373543221373,0.19584720734082783
16,1,0.01,16,0.5,0.18471516206007693,0.2967373543221373,0.19584720734082783
16,1,0.01,16,0.6,0.18471516206007693,0.2967373543221373,0.19584720734082783
16,1,0.01,32,0.2,0.18791377012965768,0.2871295581634124,0.17796263555975084
16,1,0.01,32,0.4,0.18791377012965768,0.2871295581634124,0.17796263555975084
16,1,0.01,32,0.5,0.18791377012965768,0.2871295581634124,0.17796263555975084
16,1,0.01,32,0.6,0.18791377012965768,0.2871295581634124,0.17796263555975084
16,2,0.001,8,0.2,0.22412546039795248,0.3000617709740319,0.21984833073935697
16,2,0.001,8,0.4,0.1946515453502853,0.28354448692179013,0.21075154274038663
16,2,0.001,8,0.5,0.20004171679989824,0.2852986678175061,0.20292463911036523
16,2,0.001,8,0.6,0.19558360149520934,0.2712332115689034,0.1975652925893259
16,2,0.001,16,0.2,0.18638715241291087,0.27006259169490887,0.19807947090989647
16,2,0.001,16,0.4,0.2043456141269966,0.29871310287136366,0.19483972297002844
16,2,0.001,16,0.5,0.17914654069972186,0.27670059879609726,0.18695195847447532
16,2,0.001,16,0.6,0.1917509010777672,0.27779959806576465,0.19345128782921445
16,2,0.001,32,0.2,0.19993935862442275,0.28869665702469993,0.19475395619452857
16,2,0.001,32,0.4,0.1861443310294226,0.2824638236557443,0.1901441421348614
16,2,0.001,32,0.5,0.18471169506782897,0.27884290805035666,0.18701235593164708
16,2,0.001,32,0.6,0.19142447371429416,0.27959499371038643,0.18784777412724557
16,2,0.005,8,0.2,0.21749331361689878,0.29415764023005736,0.21912467291161147
16,2,0.005,8,0.4,0.2177714617183762,0.2906786974365486,0.20685023029397237
16,2,0.005,8,0.5,0.2039967000023625,0.2728776673185139,0.20459341927565494
16,2,0.005,8,0.6,0.24106380409270067,0.3223253856243328,0.2297827476709517
16,2,0.005,16,0.2,0.2271578156231011,0.28458422413208495,0.19396925807622564
16,2,0.005,16,0.4,0.2057935130074704,0.28174277428889155,0.2133283496420685
16,2,0.005,16,0.5,0.2168397892361517,0.3058756703052853,0.21400882253204284
16,2,0.005,16,0.6,0.2308673477326726,0.30112597754871673,0.22824368543124035
16,2,0.005,32,0.2,0.2228671838228969,0.2959378738338981,0.2062144484520075
16,2,0.005,32,0.4,0.22549346296386724,0.2915148949535115,0.21927523146927053
16,2,0.005,32,0.5,0.18721767653663823,0.2566804570988613,0.1836042786757064
16,2,0.005,32,0.6,0.215971815718647,0.302727520247248,0.2163238706638187
16,2,0.01,8,0.2,0.17634263289150592,0.24943720443445092,0.1901497423591302
16,2,0.01,8,0.4,0.21765374839520218,0.3030609944700073,0.20738379337680887
16,2,0.01,8,0.5,0.22228182072215646,0.2969319086302903,0.2224784915115822
16,2,0.01,8,0.6,0.22170727017853437,0.30125189087839743,0.20780415152404155
16,2,0.01,16,0.2,0.20128962961097993,0.28969759282948876,0.20653566721857533
16,2,0.01,16,0.4,0.2111566691131122,0.27581458304170103,0.215682767903649
16,2,0.01,16,0.5,0.23740550012903405,0.3092177224688627,0.23289047208626273
16,2,0.01,16,0.6,0.2326370492256215,0.3112408662876573,0.22319896432620562
16,2,0.01,32,0.2,0.20320578128212605,0.26031534525662103,0.21139685059818797
16,2,0.01,32,0.4,0.22495047250591757,0.31143186583654325,0.2109917120252096
16,2,0.01,32,0.5,0.21798596483862492,0.2979556902815988,0.21966797732842278
16,2,0.01,32,0.6,0.21569132623615891,0.27664818524275453,0.21399008643925507
16,3,0.001,8,0.2,0.20559356777044185,0.2797384288372372,0.17394108020564897
16,3,0.001,8,0.4,0.20212861334439963,0.28288508265330714,0.195337905450234
16,3,0.001,8,0.5,0.2002274820988535,0.2726148584348735,0.18542332180571175
16,3,0.001,8,0.6,0.20739509413844798,0.26942506931580723,0.18014663197935718
16,3,0.001,16,0.2,0.19171001020663275,0.2662337244340692,0.16607988451987563
16,3,0.001,16,0.4,0.19231845586455884,0.27910977133147896,0.17853371290457978
16,3,0.001,16,0.5,0.18856852136578267,0.274898762324829,0.17919308464013478
16,3,0.001,16,0.6,0.20453804791238256,0.27403409930240874,0.17973861966606147
16,3,0.001,32,0.2,0.1859135426264545,0.261852371075101,0.16673146201061936
16,3,0.001,32,0.4,0.1895241104615359,0.27137994955751943,0.1711945078544906
16,3,0.001,32,0.5,0.19235273642635142,0.27640574080546826,0.17519002929237887
16,3,0.001,32,0.6,0.18942063693130923,0.25061168942252515,0.16797813169250067
16,3,0.005,8,0.2,0.2330521827504895,0.3151037281578262,0.19913426959462907
16,3,0.005,8,0.4,0.184263691308231,0.288743868956625,0.19211306115640103
16,3,0.005,8,0.5,0.21643253135778168,0.289016264006346,0.21542543768703437
16,3,0.005,8,0.6,0.22400879037470642,0.2709783261104349,0.21586408656960385
16,3,0.005,16,0.2,0.22143993503745754,0.31279961501656584,0.18655844775435174
16,3,0.005,16,0.4,0.2029355120266035,0.2976483128219092,0.21119012852747346
16,3,0.005,16,0.5,0.20847667853840823,0.29800415608341124,0.20193947540411816
16,3,0.005,16,0.6,0.23087490099141625,0.29203853424987114,0.21802680919472067
16,3,0.005,32,0.2,0.18237615161965676,0.2566634734155448,0.16800660307492996
16,3,0.005,32,0.4,0.21710711446976588,0.2873302699930941,0.2040854642515956
16,3,0.005,32,0.5,0.21055231165823435,0.2870030214519959,0.19992347658601006
16,3,0.005,32,0.6,0.20883303013108495,0.2772003768848112,0.20242506267225685
16,3,0.01,8,0.2,0.221116878902623,0.3066690303138896,0.21172704278475457
16,3,0.01,8,0.4,0.23096205835676215,0.30597974453219834,0.21836156654842026
16,3,0.01,8,0.5,0.22891680249458363,0.2877995220583912,0.22070501900652176
16,3,0.01,8,0.6,0.2270755273998885,0.2982275715962562,0.21256257976278142
16,3,0.01,16,0.2,0.20834530845712837,0.30456121358190613,0.21208832125773389
16,3,0.01,16,0.4,0.21523296443116116,0.2950396310228674,0.21901551522987095
16,3,0.01,16,0.5,0.22468900863132343,0.3001098018119807,0.21372080285104117
16,3,0.01,16,0.6,0.17815001696869875,0.2674550133722392,0.1768789839028468
16,3,0.01,32,0.2,0.2074501037496186,0.29250191755314736,0.19720160847069523
16,3,0.01,32,0.4,0.2201207165906765,0.285171069793424,0.2009642177551144
16,3,0.01,32,0.5,0.22185007725693814,0.28490106192076825,0.2106663160408128
16,3,0.01,32,0.6,0.22943547423279612,0.29233579152851136,0.20911364016394804
16,4,0.001,8,0.2,0.18863848892161822,0.28258030013655994,0.18207714846187
16,4,0.001,8,0.4,0.18353612408345593,0.2624631712136082,0.17591520077192885
16,4,0.001,8,0.5,0.1819160620121393,0.254257422838542,0.17614960683723482
16,4,0.001,8,0.6,0.1780409719492269,0.23259661933054013,0.16642410226570423
16,4,0.001,16,0.2,0.18841844727330603,0.27852959857318865,0.19722945360283092
16,4,0.001,16,0.4,0.17433632099998858,0.22947949878139232,0.16975252044734995
16,4,0.001,16,0.5,0.17678876377026936,0.24376915642732225,0.16984458574687
16,4,0.001,16,0.6,0.15501613118226343,0.22409727935941176,0.16111989920116648
16,4,0.001,32,0.2,0.17926757400984691,0.2675011387708699,0.17263770814443974
16,4,0.001,32,0.4,0.17443146299709525,0.25580043994559337,0.1767497569911929
16,4,0.001,32,0.5,0.17120479086524498,0.23991855430299217,0.16597417659411864
16,4,0.001,32,0.6,0.15773744671061546,0.21973977711986842,0.1488898310849936
16,4,0.005,8,0.2,0.22839111668526493,0.28501850855629424,0.21221341206803354
16,4,0.005,8,0.4,0.20961644484293523,0.28438780696328114,0.22098102697770017
16,4,0.005,8,0.5,0.1981019990390282,0.2845860428639077,0.20794935354184235
16,4,0.005,8,0.6,0.20966403009784645,0.28266201138808134,0.20746607155485658
16,4,0.005,16,0.2,0.20851691559526248,0.29411999143892953,0.19856143041072963
16,4,0.005,16,0.4,0.22977745812173872,0.3006679087983184,0.22112823867426376
16,4,0.005,16,0.5,0.2141287363123551,0.2962791418717101,0.2156778617701025
16,4,0.005,16,0.6,0.20080656989901477,0.25847430091587603,0.2050261327827875
16,4,0.005,32,0.2,0.2115602505997341,0.28439531045634225,0.2132002376550785
16,4,0.005,32,0.4,0.18927250990167552,0.2642177600157163,0.1911393114247104
16,4,0.005,32,0.5,0.21361150365616685,0.27325887675642085,0.21315144145141307
16,4,0.005,32,0.6,0.21845725035105631,0.28014380453893556,0.19550798788685989
16,4,0.01,8,0.2,0.22768724243071423,0.2952508763450759,0.22717870603385198
16,4,0.01,8,0.4,0.19744872628712365,0.2495561146852212,0.19295190620445374
16,4,0.01,8,0.5,0.2099244480941033,0.2584711563158185,0.1980784684280567
16,4,0.01,8,0.6,0.19324417304616634,0.2163962957285698,0.18267005864508268
16,4,0.01,16,0.2,0.24453135325793163,0.29815742384525795,0.2333604017340246
16,4,0.01,16,0.4,0.22290874133659483,0.3000653759682715,0.2122633020811165
16,4,0.01,16,0.5,0.22919483049209305,0.29318170659702975,0.2195692518057027
16,4,0.01,16,0.6,0.21674407188006078,0.2663013746518179,0.21243263576787214
16,4,0.01,32,0.2,0.2256959131193632,0.3014965580721019,0.20051152761857932
16,4,0.01,32,0.4,0.21946012050939673,0.2964488595011029,0.2139210431899421
16,4,0.01,32,0.5,0.2243043291598336,0.2948793614432378,0.22181274719545235
16,4,0.01,32,0.6,0.21241199214860856,0.2904627452140903,0.21411351603043868
